{"9dbRhr0iZhG2jxaScauQUQ==":"illustration-9-964x958.png","KKrurMXzkM/yu8TUPBRFPQ==":"illustration-1-96x91.png","WqpBXiVd8IF+3vng43xL3Q==":"avatar-3-113x113.jpg","Lu3U0oMOjSCkMF9nAST4KA==":"avatar-5-256x256.jpg","QC19MabHfbGxH3eB+g5LsA==":"favicon.ico","yhDDvdI4V6vQZNceREaJSA==":"desktop-18.09.19-1924x394.jpeg","bB07oryuG2RSQj/AeCMbwA==":"desktop-18.09.19-1-1924x394.jpeg","DvEvXTaAmKIRHzdFKAmfDQ==":"desktop-18.09.19-2-1924x394.jpeg","kriOSWyO8UB1JNjwYzDtDA==":"desktop-18.09.19-3-1924x394.jpeg","9STH1nQ1pgdC/9QFCPq32w==":"desktop-18.09.19.jpeg","3HDs8NirZjMxhZg+UkUpjA==":"desktop-18.09.19-1.jpeg","zfTnyDO5baEbxBdDAIsE7A==":"appimage-es.png","prwAc9bT/EpKSzNEFlZI9Q==":"appimage-es-1.png","SxTsXWEsFoKeDdgdAFQ76Q==":"desktop-18.09.19-2.jpeg"}